<?xml version="1.0" encoding="UTF-8"?>
<!DOCTYPE generatorConfiguration
        PUBLIC "-//mybatis.org//DTD MyBatis Generator Configuration 1.0//EN"
        "http://mybatis.org/dtd/mybatis-generator-config_1_0.dtd">
<generatorConfiguration>
    <!-- 驱动包路径，location中路径替换成⾃⼰本地路径 -->
    <classPathEntry location="D:\mavenRepository\mysql\mysql-connector-java\8.0.28\mysql-connector-java-8.0.28.jar"/>
    <context id="DB2Tables" targetRuntime="MyBatis3">
        <!-- 禁⽤⾃动⽣成的注释 -->
        <commentGenerator>
            <property name="suppressAllComments" value="true"/>
            <property name="suppressDate" value="true"/>
        </commentGenerator>
        <!-- 连接配置 -->
        <jdbcConnection driverClass="com.mysql.cj.jdbc.Driver"
        connectionURL="jdbc:mysql://127.0.0.1:3306/forum_db?characterEncoding=utf8&amp;useSSL=false"
        userId="root"
        password="123456">
    </jdbcConnection>
    <javaTypeResolver>
        <!-- ⼩数统⼀转为BigDecimal -->
        <property name="forceBigDecimals" value="false"/>
    </javaTypeResolver>
    <!-- 实体类⽣成位置 -->
    <javaModelGenerator targetPackage="com.example.forum2.model" targetProject="src/main/java">
        <property name="enableSubPackages" value="true"/>
        <property name="trimStrings" value="true"/>
    </javaModelGenerator>
    <!-- mapper.xml⽣成位置 -->
    <sqlMapGenerator targetPackage="mapper" targetProject="src/main/resources">
        <property name="enableSubPackages" value="true"/>
    </sqlMapGenerator>
    <!-- DAO类⽣成位置 -->
    <javaClientGenerator type="XMLMAPPER" targetPackage="com.example.forum2.dao" targetProject="src/main/java">
        <property name="enableSubPackages" value="true"/>
    </javaClientGenerator>
    <!-- 配置⽣成表与实例, 只需要修改表名tableName, 与对应类名domainObjectName 即
   可-->
    <table tableName="t_article" domainObjectName="Article"
           enableSelectByExample="false"
           enableDeleteByExample="false"
           enableDeleteByPrimaryKey="false"
           enableCountByExample="false"
           enableUpdateByExample="false">
        <!-- 类的属性⽤数据库中的真实字段名做为属性名, 不指定这个属性会⾃动转换 _ 为
       驼峰命名规则-->
        <property name="useActualColumnNames" value="true"/>
    </table>
    <table tableName="t_article_reply" domainObjectName="ArticleReply"
           enableSelectByExample="false"
           enableDeleteByExample="false"
           enableDeleteByPrimaryKey="false"
           enableCountByExample="false"
           enableUpdateByExample="false">
        <property name="useActualColumnNames" value="true"/>

    </table>
    <table tableName="t_board" domainObjectName="Board"
           enableSelectByExample="false"
           enableDeleteByExample="false"
           enableDeleteByPrimaryKey="false"
           enableCountByExample="false"
           enableUpdateByExample="false">
        <property name="useActualColumnNames" value="true"/>
    </table>
    <table tableName="t_message" domainObjectName="Message"
           enableSelectByExample="false"
           enableDeleteByExample="false"
           enableDeleteByPrimaryKey="false"
           enableCountByExample="false"
           enableUpdateByExample="false">
        <property name="useActualColumnNames" value="true"/>
    </table>
    <table tableName="t_user" domainObjectName="User"
           enableSelectByExample="false"
           enableDeleteByExample="false"
           enableDeleteByPrimaryKey="false"
           enableCountByExample="false"
           enableUpdateByExample="false">
        <property name="useActualColumnNames" value="true"/>
    </table>
</context>
        </generatorConfiguration>