<?xml version="1.0" encoding="UTF-8"?>
<!DOCTYPE mapper PUBLIC "-//mybatis.org//DTD Mapper 3.0//EN" "http://mybatis.org/dtd/mybatis-3-mapper.dtd">
<mapper namespace="com.example.forum2.dao.BoardMapper">
  <resultMap id="BaseResultMap" type="com.example.forum2.model.Board">
    <id column="id" jdbcType="BIGINT" property="id" />
    <result column="name" jdbcType="VARCHAR" property="name" />
    <result column="articleCount" jdbcType="INTEGER" property="articleCount" />
    <result column="sort" jdbcType="INTEGER" property="sort" />
    <result column="state" jdbcType="TINYINT" property="state" />
    <result column="deleteState" jdbcType="TINYINT" property="deleteState" />
    <result column="createTime" jdbcType="TIMESTAMP" property="createTime" />
    <result column="updateTime" jdbcType="TIMESTAMP" property="updateTime" />
  </resultMap>
  <sql id="Base_Column_List">
    id, name, articleCount, sort, state, deleteState, createTime, updateTime
  </sql>
  <select id="selectByPrimaryKey" parameterType="java.lang.Long" resultMap="BaseResultMap">
    select
    <include refid="Base_Column_List" />
    from t_board
    where id = #{id,jdbcType=BIGINT}
  </select>
  <insert id="insert" parameterType="com.example.forum2.model.Board" useGeneratedKeys="true" keyProperty="id">
    insert into t_board (id, name, articleCount,
                         sort, state, deleteState,
                         createTime, updateTime)
    values (#{id,jdbcType=BIGINT}, #{name,jdbcType=VARCHAR}, #{articleCount,jdbcType=INTEGER},
            #{sort,jdbcType=INTEGER}, #{state,jdbcType=TINYINT}, #{deleteState,jdbcType=TINYINT},
            #{createTime,jdbcType=TIMESTAMP}, #{updateTime,jdbcType=TIMESTAMP})
  </insert>
  <insert id="insertSelective" parameterType="com.example.forum2.model.Board" useGeneratedKeys="true" keyProperty="id">
    insert into t_board
    <trim prefix="(" suffix=")" suffixOverrides=",">
      <if test="id != null">
        id,
      </if>
      <if test="name != null">
        name,
      </if>
      <if test="articleCount != null">
        articleCount,
      </if>
      <if test="sort != null">
        sort,
      </if>
      <if test="state != null">
        state,
      </if>
      <if test="deleteState != null">
        deleteState,
      </if>
      <if test="createTime != null">
        createTime,
      </if>
      <if test="updateTime != null">
        updateTime,
      </if>
    </trim>
    <trim prefix="values (" suffix=")" suffixOverrides=",">
      <if test="id != null">
        #{id,jdbcType=BIGINT},
      </if>
      <if test="name != null">
        #{name,jdbcType=VARCHAR},
      </if>
      <if test="articleCount != null">
        #{articleCount,jdbcType=INTEGER},
      </if>
      <if test="sort != null">
        #{sort,jdbcType=INTEGER},
      </if>
      <if test="state != null">
        #{state,jdbcType=TINYINT},
      </if>
      <if test="deleteState != null">
        #{deleteState,jdbcType=TINYINT},
      </if>
      <if test="createTime != null">
        #{createTime,jdbcType=TIMESTAMP},
      </if>
      <if test="updateTime != null">
        #{updateTime,jdbcType=TIMESTAMP},
      </if>
    </trim>
  </insert>
  <update id="updateByPrimaryKeySelective" parameterType="com.example.forum2.model.Board">
    update t_board
    <set>
      <if test="name != null">
        name = #{name,jdbcType=VARCHAR},
      </if>
      <if test="articleCount != null">
        articleCount = #{articleCount,jdbcType=INTEGER},
      </if>
      <if test="sort != null">
        sort = #{sort,jdbcType=INTEGER},
      </if>
      <if test="state != null">
        state = #{state,jdbcType=TINYINT},
      </if>
      <if test="deleteState != null">
        deleteState = #{deleteState,jdbcType=TINYINT},
      </if>
      <if test="createTime != null">
        createTime = #{createTime,jdbcType=TIMESTAMP},
      </if>
      <if test="updateTime != null">
        updateTime = #{updateTime,jdbcType=TIMESTAMP},
      </if>
    </set>
    where id = #{id,jdbcType=BIGINT}
  </update>
  <update id="updateByPrimaryKey" parameterType="com.example.forum2.model.Board">
    update t_board
    set name = #{name,jdbcType=VARCHAR},
        articleCount = #{articleCount,jdbcType=INTEGER},
        sort = #{sort,jdbcType=INTEGER},
        state = #{state,jdbcType=TINYINT},
        deleteState = #{deleteState,jdbcType=TINYINT},
        createTime = #{createTime,jdbcType=TIMESTAMP},
        updateTime = #{updateTime,jdbcType=TIMESTAMP}
    where id = #{id,jdbcType=BIGINT}
  </update>
  <!-- 新增的 SQL 语句 -->
  <select id="selectAllBoards" resultMap="BaseResultMap">
    select
    <include refid="Base_Column_List" />
    from t_board
    where deleteState = 0
  </select>
</mapper>