<?xml version="1.0" encoding="UTF-8"?>
<!DOCTYPE mapper PUBLIC "-//mybatis.org//DTD Mapper 3.0//EN" "http://mybatis.org/dtd/mybatis-3-mapper.dtd">
<mapper namespace="com.example.forum2.dao.MessageMapper">
  <resultMap id="BaseResultMap" type="com.example.forum2.model.Message">
    <id column="id" jdbcType="BIGINT" property="id" />
    <result column="postUserId" jdbcType="BIGINT" property="postUserId" />
    <result column="receiveUserId" jdbcType="BIGINT" property="receiveUserId" />
    <result column="content" jdbcType="VARCHAR" property="content" />
    <result column="state" jdbcType="TINYINT" property="state" />
    <result column="deleteState" jdbcType="TINYINT" property="deleteState" />
    <result column="createTime" jdbcType="TIMESTAMP" property="createTime" />
    <result column="updateTime" jdbcType="TIMESTAMP" property="updateTime" />
  </resultMap>
  <sql id="Base_Column_List">
    id, postUserId, receiveUserId, content, state, deleteState, createTime, updateTime
  </sql>
  <select id="selectByPrimaryKey" parameterType="java.lang.Long" resultMap="BaseResultMap">
    select 
    <include refid="Base_Column_List" />
    from t_message
    where id = #{id,jdbcType=BIGINT}
  </select>
  <insert id="insert" parameterType="com.example.forum2.model.Message" useGeneratedKeys="true" keyProperty="id">
    insert into t_message (id, postUserId, receiveUserId, 
      content, state, deleteState, 
      createTime, updateTime)
    values (#{id,jdbcType=BIGINT}, #{postUserId,jdbcType=BIGINT}, #{receiveUserId,jdbcType=BIGINT}, 
      #{content,jdbcType=VARCHAR}, #{state,jdbcType=TINYINT}, #{deleteState,jdbcType=TINYINT}, 
      #{createTime,jdbcType=TIMESTAMP}, #{updateTime,jdbcType=TIMESTAMP})
  </insert>
  <insert id="insertSelective" parameterType="com.example.forum2.model.Message" useGeneratedKeys="true" keyProperty="id">
    insert into t_message
    <trim prefix="(" suffix=")" suffixOverrides=",">
      <if test="id != null">
        id,
      </if>
      <if test="postUserId != null">
        postUserId,
      </if>
      <if test="receiveUserId != null">
        receiveUserId,
      </if>
      <if test="content != null">
        content,
      </if>
      <if test="state != null">
        state,
      </if>
      <if test="deleteState != null">
        deleteState,
      </if>
      <if test="createTime != null">
        createTime,
      </if>
      <if test="updateTime != null">
        updateTime,
      </if>
    </trim>
    <trim prefix="values (" suffix=")" suffixOverrides=",">
      <if test="id != null">
        #{id,jdbcType=BIGINT},
      </if>
      <if test="postUserId != null">
        #{postUserId,jdbcType=BIGINT},
      </if>
      <if test="receiveUserId != null">
        #{receiveUserId,jdbcType=BIGINT},
      </if>
      <if test="content != null">
        #{content,jdbcType=VARCHAR},
      </if>
      <if test="state != null">
        #{state,jdbcType=TINYINT},
      </if>
      <if test="deleteState != null">
        #{deleteState,jdbcType=TINYINT},
      </if>
      <if test="createTime != null">
        #{createTime,jdbcType=TIMESTAMP},
      </if>
      <if test="updateTime != null">
        #{updateTime,jdbcType=TIMESTAMP},
      </if>
    </trim>
  </insert>
  <update id="updateByPrimaryKeySelective" parameterType="com.example.forum2.model.Message">
    update t_message
    <set>
      <if test="postUserId != null">
        postUserId = #{postUserId,jdbcType=BIGINT},
      </if>
      <if test="receiveUserId != null">
        receiveUserId = #{receiveUserId,jdbcType=BIGINT},
      </if>
      <if test="content != null">
        content = #{content,jdbcType=VARCHAR},
      </if>
      <if test="state != null">
        state = #{state,jdbcType=TINYINT},
      </if>
      <if test="deleteState != null">
        deleteState = #{deleteState,jdbcType=TINYINT},
      </if>
      <if test="createTime != null">
        createTime = #{createTime,jdbcType=TIMESTAMP},
      </if>
      <if test="updateTime != null">
        updateTime = #{updateTime,jdbcType=TIMESTAMP},
      </if>
    </set>
    where id = #{id,jdbcType=BIGINT}
  </update>
  <update id="updateByPrimaryKey" parameterType="com.example.forum2.model.Message">
    update t_message
    set postUserId = #{postUserId,jdbcType=BIGINT},
      receiveUserId = #{receiveUserId,jdbcType=BIGINT},
      content = #{content,jdbcType=VARCHAR},
      state = #{state,jdbcType=TINYINT},
      deleteState = #{deleteState,jdbcType=TINYINT},
      createTime = #{createTime,jdbcType=TIMESTAMP},
      updateTime = #{updateTime,jdbcType=TIMESTAMP}
    where id = #{id,jdbcType=BIGINT}
  </update>
</mapper>