<?xml version="1.0" encoding="UTF-8"?>
<!DOCTYPE mapper PUBLIC "-//mybatis.org//DTD Mapper 3.0//EN" "http://mybatis.org/dtd/mybatis-3-mapper.dtd">
<mapper namespace="com.example.forum2.dao.UserMapper">
    <resultMap id="BaseResultMap" type="com.example.forum2.model.User">
        <id column="id" jdbcType="BIGINT" property="id" />
        <result column="username" jdbcType="VARCHAR" property="username" />
        <result column="password" jdbcType="VARCHAR" property="password" />
        <result column="nickname" jdbcType="VARCHAR" property="nickname" />
        <result column="phoneNum" jdbcType="VARCHAR" property="phoneNum" />
        <result column="email" jdbcType="VARCHAR" property="email" />
        <result column="gender" jdbcType="TINYINT" property="gender" />
        <result column="salt" jdbcType="VARCHAR" property="salt" />
        <result column="avatarUrl" jdbcType="VARCHAR" property="avatarUrl" />
        <result column="articleCount" jdbcType="INTEGER" property="articleCount" />
        <result column="isAdmin" jdbcType="TINYINT" property="isAdmin" />
        <result column="remark" jdbcType="VARCHAR" property="remark" />
        <result column="state" jdbcType="TINYINT" property="state" />
        <result column="deleteState" jdbcType="TINYINT" property="deleteState" />
        <result column="createTime" jdbcType="TIMESTAMP" property="createTime" />
        <result column="updateTime" jdbcType="TIMESTAMP" property="updateTime" />
    </resultMap>
    <sql id="Base_Column_List">
        id, username, password, nickname, phoneNum, email, gender, salt, avatarUrl, articleCount,
    isAdmin, remark, state, deleteState, createTime, updateTime
    </sql>
    <select id="selectByPrimaryKey" parameterType="java.lang.Long" resultMap="BaseResultMap">
        select
        <include refid="Base_Column_List" />
        from t_user
        where id = #{id,jdbcType=BIGINT}
    </select>
    <insert id="insert" parameterType="com.example.forum2.model.User" useGeneratedKeys="true" keyProperty="id">
        insert into t_user (id, username, password,
                            nickname, phoneNum, email,
                            gender, salt, avatarUrl,
                            articleCount, isAdmin, remark,
                            state, deleteState, createTime,
                            updateTime)
        values (#{id,jdbcType=BIGINT}, #{username,jdbcType=VARCHAR}, #{password,jdbcType=VARCHAR},
                #{nickname,jdbcType=VARCHAR}, #{phoneNum,jdbcType=VARCHAR}, #{email,jdbcType=VARCHAR},
                #{gender,jdbcType=TINYINT}, #{salt,jdbcType=VARCHAR}, #{avatarUrl,jdbcType=VARCHAR},
                #{articleCount,jdbcType=INTEGER}, #{isAdmin,jdbcType=TINYINT}, #{remark,jdbcType=VARCHAR},
                #{state,jdbcType=TINYINT}, #{deleteState,jdbcType=TINYINT}, #{createTime,jdbcType=TIMESTAMP},
                #{updateTime,jdbcType=TIMESTAMP})
    </insert>
    <insert id="insertSelective" parameterType="com.example.forum2.model.User" useGeneratedKeys="true" keyProperty="id">
        insert into t_user
        <trim prefix="(" suffix=")" suffixOverrides=",">
            <if test="id != null">
                id,
            </if>
            <if test="username != null">
                username,
            </if>
            <if test="password != null">
                password,
            </if>
            <if test="nickname != null">
                nickname,
            </if>
            <if test="phoneNum != null">
                phoneNum,
            </if>
            <if test="email != null">
                email,
            </if>
            <if test="gender != null">
                gender,
            </if>
            <if test="salt != null">
                salt,
            </if>
            <if test="avatarUrl != null">
                avatarUrl,
            </if>
            <if test="articleCount != null">
                articleCount,
            </if>
            <if test="isAdmin != null">
                isAdmin,
            </if>
            <if test="remark != null">
                remark,
            </if>
            <if test="state != null">
                state,
            </if>
            <if test="deleteState != null">
                deleteState,
            </if>
            <if test="createTime != null">
                createTime,
            </if>
            <if test="updateTime != null">
                updateTime,
            </if>
        </trim>
        <trim prefix="values (" suffix=")" suffixOverrides=",">
            <if test="id != null">
                #{id,jdbcType=BIGINT},
            </if>
            <if test="username != null">
                #{username,jdbcType=VARCHAR},
            </if>
            <if test="password != null">
                #{password,jdbcType=VARCHAR},
            </if>
            <if test="nickname != null">
                #{nickname,jdbcType=VARCHAR},
            </if>
            <if test="phoneNum != null">
                #{phoneNum,jdbcType=VARCHAR},
            </if>
            <if test="email != null">
                #{email,jdbcType=VARCHAR},
            </if>
            <if test="gender != null">
                #{gender,jdbcType=TINYINT},
            </if>
            <if test="salt != null">
                #{salt,jdbcType=VARCHAR},
            </if>
            <if test="avatarUrl != null">
                #{avatarUrl,jdbcType=VARCHAR},
            </if>
            <if test="articleCount != null">
                #{articleCount,jdbcType=INTEGER},
            </if>
            <if test="isAdmin != null">
                #{isAdmin,jdbcType=TINYINT},
            </if>
            <if test="remark != null">
                #{remark,jdbcType=VARCHAR},
            </if>
            <if test="state != null">
                #{state,jdbcType=TINYINT},
            </if>
            <if test="deleteState != null">
                #{deleteState,jdbcType=TINYINT},
            </if>
            <if test="createTime != null">
                #{createTime,jdbcType=TIMESTAMP},
            </if>
            <if test="updateTime != null">
                #{updateTime,jdbcType=TIMESTAMP},
            </if>
        </trim>
    </insert>
    <update id="updateByPrimaryKeySelective" parameterType="com.example.forum2.model.User">
        update t_user
        <set>
            <if test="username != null">
                username = #{username,jdbcType=VARCHAR},
            </if>
            <if test="password != null">
                password = #{password,jdbcType=VARCHAR},
            </if>
            <if test="nickname != null">
                nickname = #{nickname,jdbcType=VARCHAR},
            </if>
            <if test="phoneNum != null">
                phoneNum = #{phoneNum,jdbcType=VARCHAR},
            </if>
            <if test="email != null">
                email = #{email,jdbcType=VARCHAR},
            </if>
            <if test="gender != null">
                gender = #{gender,jdbcType=TINYINT},
            </if>
            <if test="salt != null">
                salt = #{salt,jdbcType=VARCHAR},
            </if>
            <if test="avatarUrl != null">
                avatarUrl = #{avatarUrl,jdbcType=VARCHAR},
            </if>
            <if test="articleCount != null">
                articleCount = #{articleCount,jdbcType=INTEGER},
            </if>
            <if test="isAdmin != null">
                isAdmin = #{isAdmin,jdbcType=TINYINT},
            </if>
            <if test="remark != null">
                remark = #{remark,jdbcType=VARCHAR},
            </if>
            <if test="state != null">
                state = #{state,jdbcType=TINYINT},
            </if>
            <if test="deleteState != null">
                deleteState = #{deleteState,jdbcType=TINYINT},
            </if>
            <if test="createTime != null">
                createTime = #{createTime,jdbcType=TIMESTAMP},
            </if>
            <if test="updateTime != null">
                updateTime = #{updateTime,jdbcType=TIMESTAMP},
            </if>
        </set>
        where id = #{id,jdbcType=BIGINT}
    </update>
    <update id="updateByPrimaryKey" parameterType="com.example.forum2.model.User">
        update t_user
        set username = #{username,jdbcType=VARCHAR},
            password = #{password,jdbcType=VARCHAR},
            nickname = #{nickname,jdbcType=VARCHAR},
            phoneNum = #{phoneNum,jdbcType=VARCHAR},
            email = #{email,jdbcType=VARCHAR},
            gender = #{gender,jdbcType=TINYINT},
            salt = #{salt,jdbcType=VARCHAR},
            avatarUrl = #{avatarUrl,jdbcType=VARCHAR},
            articleCount = #{articleCount,jdbcType=INTEGER},
            isAdmin = #{isAdmin,jdbcType=TINYINT},
            remark = #{remark,jdbcType=VARCHAR},
            state = #{state,jdbcType=TINYINT},
            deleteState = #{deleteState,jdbcType=TINYINT},
            createTime = #{createTime,jdbcType=TIMESTAMP},
            updateTime = #{updateTime,jdbcType=TIMESTAMP}
        where id = #{id,jdbcType=BIGINT}
    </update>
    <!-- 新增的 SQL 语句 -->
    <select id="selectAllUsers" resultMap="BaseResultMap">
        select
        <include refid="Base_Column_List" />
        from t_user
        where deleteState = 0
    </select>
</mapper>